Product ID [Non Editable],Variant ID [Non Editable],Product Type [Non Editable],Product Page,Product URL,Title,Description,SKU,GTIN,MPN,Option Name 1,Option Value 1,Option Name 2,Option Value 2,Option Name 3,Option Value 3,Option Name 4,Option Value 4,Option Name 5,Option Value 5,Option Name 6,Option Value 6,Price,Sale Price,On Sale,Stock,Categories,Tags,Weight,Length,Width,Height,Visible,Hosted Image URLs
69ace5b5ecdee5129be3cd3f,e2fd204a-3526-4bb6-aa4b-081e2a79293c,PHYSICAL,venues,ballinloughcastle,Ballinlough Castle,"<p style=""white-space:pre-wrap;"" data-rte-preserve-empty=""true""><strong>Ballinlough Castle</strong><br><br><strong>Location:</strong> Co. Westmeath<br>Standing in 300 acres of grassland, woodland, and lakes, this 17th-century castle offers a captivating blend of old-world charm and luxurious comfort. With towering turrets, ivy-clad stone walls, and walled gardens, it provides a fairy-tale setting for intimate, exclusive celebrations.<br><br><strong>Logistics:</strong> Exclusive Use Estate (3-Night Minimum).<br><hr><strong>Enquire with Ladybird Ever After:</strong> <a href=""https://www.ladybirdeverafter.com/get-in-touch"" target=""_blank"">Get in Touch</a></p>
<div class=""custom-metadata"" data-vibe=""Historic, Luxurious, Intimate, Fairy-tale"" data-capacity-min=""2"" data-capacity-max=""16"" data-accommodation-on-site=""True"" data-pricing-tier=""$$$+"" style=""display: none;""></div>",BallinloughCastle,,,,,,,,,,,,,,,0.0,0.0,No,Unlimited,/castle,Midlands East,0.0,0.0,0.0,0.0,Yes,https://images.squarespace-cdn.com/content/v1/6629929a89c94f57955fe87e/991a350d-f80f-4536-bb66-0fafcec515d5/Castles_of_Leinster%2C_Ballinlough%2C_Westmeath_%282%29_-_geograph.org.uk_-_7212910.jpg https://images.squarespace-cdn.com/content/v1/6629929a89c94f57955fe87e/f76a73d1-8247-4847-b611-5ca0f5146a35/Castles_of_Leinster%2C_Ballinlough%2C_Westmeath_%281%29_-_geograph.org.uk_-_7212909.jpg
69c55ccdba79f443cdef4de5,080776ed-c4f8-421c-9569-be130821306e,PHYSICAL,venues,ballyseedecastle,Ballyseede Castle,"<p style=""white-space:pre-wrap;"" data-rte-preserve-empty=""true""><strong>Kerry's Only Castle Hotel - A Fairytale in the Countryside</strong><br><br><strong>Location:</strong> Tralee, Co. Kerry<br>Nestled within 30 acres of lush Kerry countryside, Ballyseede Castle is an ivy-covered gem steeped in centuries of history. With its woodland walks, manicured gardens, and grand interiors, it offers a truly romantic and timeless setting for your wedding day.<br><br><strong>Logistics:</strong> Exclusive use can be arranged. Civil ceremony approved. Indoor and outdoor ceremony options.<br></p><p style=""white-space:pre-wrap;"" data-rte-preserve-empty=""true""><strong>Enquire with Ladybird Ever After:</strong><a target=""_blank"" href=""https://www.ladybirdeverafter.com/get-in-touch"">Get in Touch</a></p><p style=""white-space:pre-wrap;"" data-rte-preserve-empty=""true""></p>
<div class=""custom-metadata"" data-vibe=""Fairytale, Romantic, Historic, Woodland, Elegant"" data-capacity-min=""2"" data-capacity-max=""220"" data-accommodation-on-site=""True"" data-pricing-tier=""$$$"" style=""display: none;""></div>",BallyseedeCastle,,,,,,,,,,,,,,,0.0,0.0,No,Unlimited,/castle,South West,0.0,0.0,0.0,0.0,Yes,https://images.squarespace-cdn.com/content/v1/6629929a89c94f57955fe87e/32aadaf7-3dc5-40fb-bd46-83a550facaa1/Ballyseede+Castle+-+Exterior+%28LM+Wedding+Videography%29.webp https://images.squarespace-cdn.com/content/v1/6629929a89c94f57955fe87e/4647bdfc-c4a5-479f-8e84-5018d0bdba28/Ballyseede+Castle+-+Exterior+%28Amrare%29.webp https://images.squarespace-cdn.com/content/v1/6629929a89c94f57955fe87e/e7291e1c-ee4b-4344-a3e7-bcbc65bf1836/Ballyseede+Castle-+The+Belfry+Interior.webp https://images.squarespace-cdn.com/content/v1/6629929a89c94f57955fe87e/4571b116-e853-4c4b-befe-daa5fc4d9663/Ballyseede+Castle-+The+Coachroom.webp https://images.squarespace-cdn.com/content/v1/6629929a89c94f57955fe87e/50ace4ae-9cab-4a82-95bb-d18687810912/Ballyseede+Castle-+Kennelly+Room.webp https://images.squarespace-cdn.com/content/v1/6629929a89c94f57955fe87e/c4787abb-b8db-4dcc-8943-7210e99ecf0a/Ballyseede+Castle+-+Castle+Reception.webp
69ace5b1ecdee5129be3cd3d,ea7132ce-c5d4-474f-b25f-225ef9243cc6,PHYSICAL,venues,belleislecastle,Belle Isle Castle,"<p style=""white-space:pre-wrap;"" data-rte-preserve-empty=""true""><strong>17th-Century Lakeside Castle Estate</strong><br><br><strong>Location:</strong> Co. Fermanagh, Ireland<br>Situated on the northern tip of Upper Lough Erne, this 17th-century castle sits at the heart of a 470-acre estate. It offers exclusive use for celebrations, featuring a splendid double-vaulted entrance hall, an art-filled drawing room, and a verdant sunken garden for outdoor ceremonies. The venue combines historic grandeur with a relaxed, welcoming atmosphere.<br><br><strong>Logistics:</strong> Exclusive Use Castle<br></p><p style=""white-space:pre-wrap;"" data-rte-preserve-empty=""true""><strong>Enquire with Ladybird Ever After:</strong><a target=""_blank"" href=""https://www.ladybirdeverafter.com/get-in-touch"">Get in Touch</a></p><p style=""white-space:pre-wrap;"" data-rte-preserve-empty=""true""></p>
<div class=""custom-metadata"" data-vibe=""Historic, Castle, Lakeside, Romantic, Exclusive"" data-capacity-min=""2"" data-capacity-max=""200"" data-accommodation-on-site=""True"" data-pricing-tier=""$$$"" style=""display: none;""></div>",BelleIsleCastle,,,,,,,,,,,,,,,0.0,0.0,No,Unlimited,/castle,Northern Ireland,0.0,0.0,0.0,0.0,Yes,https://images.squarespace-cdn.com/content/v1/6629929a89c94f57955fe87e/15694280-9366-455a-8602-5174677f0724/belle-isle1.jpg https://images.squarespace-cdn.com/content/v1/6629929a89c94f57955fe87e/95ad8789-8180-43c7-a0c2-1b7c8864e13a/Belle-isle2.jpg
69c55ccb6bced62c2902577c,bfe24e5a-0dc6-4366-a5d4-9a3713d7131a,PHYSICAL,venues,bellinghamcastle,Bellingham Castle,"<p style=""white-space:pre-wrap;"" data-rte-preserve-empty=""true""><strong>Elegant Riverside Castle in Ireland's Ancient East</strong><br><br><strong>Location:</strong> Castlebellingham, Co. Louth<br>A beautifully restored 17th-century castle set on 17 acres along the banks of the River Glyde. With its weir, man-made island, mature gardens, and footbridges, Bellingham Castle offers an exclusive and romantic setting less than an hour from both Dublin and Belfast.<br><br><strong>Logistics:</strong> Strictly Exclusive (Full Buyout). Multiple ceremony locations including The Oratory, The Bute Suite, and outdoor gardens.<br><hr><strong>Enquire with Ladybird Ever After:</strong> <a href=""https://www.ladybirdeverafter.com/get-in-touch"" target=""_blank"">Get in Touch</a></p>
<div class=""custom-metadata"" data-vibe=""Elegant, Riverside, Exclusive, Grand, Romantic"" data-capacity-min=""40"" data-capacity-max=""200"" data-accommodation-on-site=""True"" data-pricing-tier=""$$$"" style=""display: none;""></div>",BellinghamCastle,,,,,,,,,,,,,,,0.0,0.0,No,Unlimited,/castle,Midlands East,0.0,0.0,0.0,0.0,Yes,https://images.squarespace-cdn.com/content/v1/6629929a89c94f57955fe87e/fd7405f9-ea11-4868-984d-2ab37448e50a/Bellingham+Castle+-+Exterior.webp https://images.squarespace-cdn.com/content/v1/6629929a89c94f57955fe87e/8d637448-b2b1-44f6-a1b1-cf669c53b664/Bellingham+Castle+-+Reception+1.webp https://images.squarespace-cdn.com/content/v1/6629929a89c94f57955fe87e/f27a6fcc-a835-4061-9d59-c897fb8e9b77/Bellingham+Castle-+Exterior.webp https://images.squarespace-cdn.com/content/v1/6629929a89c94f57955fe87e/9d2436c3-0d55-4813-9351-f6719c24b6b1/Bellingham+Castle-+Exterior+%28Nibp.webp https://images.squarespace-cdn.com/content/v1/6629929a89c94f57955fe87e/4ae5d02b-37d3-4e5e-a171-33e843b01adf/Bellingham+Castle-+Bute+Suite.webp https://images.squarespace-cdn.com/content/v1/6629929a89c94f57955fe87e/2d9919c5-1c37-46f8-a21c-ede825533fe9/Bellingham+Castle+-+Nappertandy+Rooms.webp https://images.squarespace-cdn.com/content/v1/6629929a89c94f57955fe87e/d5307491-0033-4a16-ae76-b7dc79a70da0/Bellingham+Castle+-+Dining+Room.webp https://images.squarespace-cdn.com/content/v1/6629929a89c94f57955fe87e/7becb796-b7e5-460e-b81c-cb44b203f548/+Bellingham+Castle+-+Library.webp
69c55cca6bced62c29025778,a287fa8a-04bc-4d64-a933-0ad5792127c0,PHYSICAL,venues,cabracastle,Cabra Castle,"<p style=""white-space:pre-wrap;"" data-rte-preserve-empty=""true""><strong>Fairytale Castle on 100 Acres of Parkland</strong><br><br><strong>Location:</strong> Kingscourt, Co. Cavan<br>A magnificent 18th-century castle set on 100 acres of manicured gardens and parkland, with the spectacular Dún a Rí Forest Park on its doorstep. Family-run since 1991, Cabra Castle blends Gothic grandeur with genuine Irish warmth for weddings both intimate and grand.<br><br><strong>Logistics:</strong> One wedding per day. Exclusive use available. Multiple ceremony locations indoors and outdoors including The Granary.<br></p><p style=""white-space:pre-wrap;"" data-rte-preserve-empty=""true""><strong>Enquire with Ladybird Ever After: </strong><a target=""_blank"" href=""https://www.ladybirdeverafter.com/get-in-touch"">Get in Touch</a></p><p style=""white-space:pre-wrap;"" data-rte-preserve-empty=""true""></p>
<div class=""custom-metadata"" data-vibe=""Fairytale, Gothic, Grand, Romantic, Historic"" data-capacity-min=""2"" data-capacity-max=""260"" data-accommodation-on-site=""True"" data-pricing-tier=""$$$"" style=""display: none;""></div>",CabraCastle,,,,,,,,,,,,,,,0.0,0.0,No,Unlimited,/castle,Midlands East,0.0,0.0,0.0,0.0,Yes,https://images.squarespace-cdn.com/content/v1/6629929a89c94f57955fe87e/eea6ec23-9d35-44d1-8107-cc44f2302832/Cabra+Castle+-+Exterior.webp https://images.squarespace-cdn.com/content/v1/6629929a89c94f57955fe87e/37a680d4-325c-44f4-b1c2-4a1278d97cf1/Cabra+Castle+-+Drawing+Room.webp https://images.squarespace-cdn.com/content/v1/6629929a89c94f57955fe87e/37802c9d-7d01-4ac6-969a-d796c954df1b/Cabra+Castle+-+Gold+Room.webp https://images.squarespace-cdn.com/content/v1/6629929a89c94f57955fe87e/d2de2475-a021-4de3-a48e-0bde93467ea0/Cabra+Castle-+The+Granary+Exterior.webp https://images.squarespace-cdn.com/content/v1/6629929a89c94f57955fe87e/a247d5fa-ec48-496b-822c-0bc4195e4ec4/Cabra+Castle-+The+Granary.webp
699a43632075a227f4b874ca,f9d95718-196f-431e-b5ad-38c55282217c,PHYSICAL,venues,cahernanehousehotel,Cahernane House Hotel,"<p style=""white-space:pre-wrap;"" data-rte-preserve-empty=""true""><strong>A Hidden Gem on the Edge of Killarney National Park</strong><br><br><strong>Location:</strong> Killarney, Co. Kerry<br>A stunning 19th-century manor house located right on the edge of the National Park, yet only a 20-minute walk to Killarney town. It is famous for its Conservatory room and feels much more intimate and private than the larger Killarney hotels.<br><br><strong>Logistics:</strong> Not strictly exclusive (Hotel), but Full Buyout is a popular option.<br><hr><strong>Enquire with Ladybird Ever After:</strong> <a href=""https://www.ladybirdeverafter.com/get-in-touch"" target=""_blank"">Get in Touch</a></p>
<div class=""custom-metadata"" data-vibe=""Historic, Elegant, Parklands, Intimate, Romantic"" data-capacity-min=""40"" data-capacity-max=""80"" data-accommodation-on-site=""True"" data-pricing-tier=""$$$"" style=""display: none;""></div>",CahernaneHouseHotel,,,,,,,,,,,,,,,0.0,0.0,No,Unlimited,/country-house,South West,0.0,0.0,0.0,0.0,Yes,https://images.squarespace-cdn.com/content/v1/6629929a89c94f57955fe87e/2cf97550-6fa4-498a-90d9-3e8d09221c8c/cahernane_hotel3.webp https://images.squarespace-cdn.com/content/v1/6629929a89c94f57955fe87e/1072959f-aa6e-48ea-8688-235fc1519218/cahernane_hotel2.webp https://images.squarespace-cdn.com/content/v1/6629929a89c94f57955fe87e/566ae9ed-2f14-41f7-ba6e-0c8f4ecc6bd5/cahernane_hotel5.webp https://images.squarespace-cdn.com/content/v1/6629929a89c94f57955fe87e/7adb962f-f260-41fb-92d5-e09e09c32dbf/cahernane_hotel1.webp
6998eedf98405d2f31f990aa,00db5e44-2641-40b7-80fe-eea9cb8eaf81,PHYSICAL,venues,cliffsofmoher,Cliffs of Moher,"<p style=""white-space:pre-wrap;"" data-rte-preserve-empty=""true""><strong>Experience a Wonder of the World!</strong><br><br><strong>Location:</strong> Doolin, Co. Clare<br>Rising over 700 feet above the wild Atlantic, the Cliffs of Moher offer one of Ireland's most awe-inspiring settings for a heartfelt elopement ceremony.<br><br><strong>Logistics:</strong> On private land but the cliffs are public — some groups may pass by. Back-up location available on site.<br></p><p style=""white-space:pre-wrap;"" data-rte-preserve-empty=""true""><strong>Enquire with Ladybird Ever After:</strong><a target=""_blank"" href=""https://www.ladybirdeverafter.com/get-in-touch"">Get in Touch</a></p><p style=""white-space:pre-wrap;"" data-rte-preserve-empty=""true""></p>
<div class=""custom-metadata"" data-vibe=""Epic, Dramatic, Coastal, Wild, Romantic"" data-capacity-min=""2"" data-capacity-max=""30"" data-accommodation-on-site=""False"" data-pricing-tier=""$"" style=""display: none;""></div>",CliffsofMoher,,,,,,,,,,,,,,,0.0,0.0,No,Unlimited,/nature-scenic,West,0.0,0.0,0.0,0.0,Yes,https://images.squarespace-cdn.com/content/v1/6629929a89c94f57955fe87e/9746cdcb-5f3e-41a9-a569-386fd4e77d44/S%26J_Analog-91.jpg https://images.squarespace-cdn.com/content/v1/6629929a89c94f57955fe87e/65ce1e16-90c7-4512-ab8f-608981a55e6b/LY9815.jpg https://images.squarespace-cdn.com/content/v1/6629929a89c94f57955fe87e/7313f4d2-19dd-4552-8781-ff6cd9c017fc/LY9817+%281%29.jpg https://images.squarespace-cdn.com/content/v1/6629929a89c94f57955fe87e/a987ed21-bad2-4585-a81f-a31653a01b41/Kalee%26Kristian-270.webp
69ace5b2c384586fa00ca60d,62b5df48-4b46-4a74-8cf3-f5fd36f9a75a,PHYSICAL,venues,clontarfcastle,Clontarf Castle,"<p style=""white-space:pre-wrap;"" data-rte-preserve-empty=""true""><strong>Clontarf Castle</strong><br><br><strong>Location:</strong> Dublin, Ireland<br>Nestled along the coast just two miles from Dublin city centre, this magnificent 12th-century castle blends ancient history with modern luxury. Set in private grounds with an imposing façade, towers, and crenelated balconies, it offers a dramatic and romantic backdrop, combining the serenity of a secluded estate with the convenience of the city.<br><br><strong>Logistics:</strong> Castle Hotel.<br><hr><strong>Enquire with Ladybird Ever After:</strong> <a href=""https://www.ladybirdeverafter.com/get-in-touch"" target=""_blank"">Get in Touch</a></p>
<div class=""custom-metadata"" data-vibe=""Historic, Castle, Coastal, Luxurious, Romantic"" data-capacity-min=""40"" data-capacity-max=""250"" data-accommodation-on-site=""True"" data-pricing-tier=""$$$"" style=""display: none;""></div>",ClontarfCastle,,,,,,,,,,,,,,,0.0,0.0,No,Unlimited,/castle,Dublin,0.0,0.0,0.0,0.0,No,
69ace5b90630042b7363e157,052be80c-0b8d-4077-9eff-b778d53e82d6,PHYSICAL,venues,cloughancastle,Cloughan Castle,"<p style=""white-space:pre-wrap;"" data-rte-preserve-empty=""true""><strong>Cloughan Castle</strong><br><br><strong>Location:</strong> Loughrea, Co. Galway<br>A restored 13th-century medieval castle offering stunning panoramic countryside views, historical battlements, and walled gardens. Featuring arched doorways, circular turrets, and exposed stone walls, this venue provides a grand yet private backdrop for celebrations, whether intimate or large-scale.<br><br><strong>Logistics:</strong> Exclusive Use Castle.<br><hr><strong>Enquire with Ladybird Ever After:</strong> <a href=""https://www.ladybirdeverafter.com/get-in-touch"" target=""_blank"">Get in Touch</a></p>
<div class=""custom-metadata"" data-vibe=""Medieval, Historic, Grand, Private"" data-capacity-min=""2"" data-capacity-max=""120"" data-accommodation-on-site=""True"" data-pricing-tier=""$$$"" style=""display: none;""></div>",CloughanCastle,,,,,,,,,,,,,,,0.0,0.0,No,Unlimited,/castle,West,0.0,0.0,0.0,0.0,Yes,https://images.squarespace-cdn.com/content/v1/6629929a89c94f57955fe87e/4f07e297-af50-4de1-9265-397fb205065a/Cloughan+CastleCreativeLicence2.jpg https://images.squarespace-cdn.com/content/v1/6629929a89c94f57955fe87e/1f4350b4-5769-41ca-bf37-be32147fcb64/Cloughan+CastleCreativeLicence1.jpg
699a43569eb3336c6c92b16a,477fc142-f7ff-44ec-88ba-9eecc20bcf41,PHYSICAL,venues,cloughjordanhouse,Cloughjordan House,"<p style=""white-space:pre-wrap;"" data-rte-preserve-empty=""true""><strong>Relaxed, Foodie, Unique</strong><br><br><strong>Location:</strong> Cloughjordan, Co. Tipperary<br>An 800-year-old estate that focuses on farm-to-table food. It feels like a relaxed house party with a cookery school, lawns for games, and glamping pods.<br><br><strong>Logistics:</strong> Strictly Exclusive (Full Buyout).<br><hr><strong>Enquire with Ladybird Ever After:</strong> <a href=""https://www.ladybirdeverafter.com/get-in-touch"" target=""_blank"">Get in Touch</a></p>
<div class=""custom-metadata"" data-vibe=""Organic, Foodie, Relaxed, Rustic, Garden Party"" data-capacity-min=""50"" data-capacity-max=""180"" data-accommodation-on-site=""True"" data-pricing-tier=""$$$"" style=""display: none;""></div>",CloughjordanHouse,,,,,,,,,,,,,,,0.0,0.0,No,Unlimited,/country-house,South East,0.0,0.0,0.0,0.0,Yes,https://images.squarespace-cdn.com/content/v1/6629929a89c94f57955fe87e/69b6c4c0-e338-4605-80d0-faa50ee01ca8/cjhhero.webp https://images.squarespace-cdn.com/content/v1/6629929a89c94f57955fe87e/8c262466-b025-413a-8506-a8d7fa56789b/cjhdining.webp https://images.squarespace-cdn.com/content/v1/6629929a89c94f57955fe87e/f1c826b4-a170-4cea-b03c-684ca2464e15/cjh3.webp https://images.squarespace-cdn.com/content/v1/6629929a89c94f57955fe87e/06d7ee41-ce52-4e9b-a3fe-3f19db235673/cjh2.webp
69a4e8cad9e9b9457b566bd0,80f00478-702b-4af0-b234-deb8980e9277,PHYSICAL,venues,dickmackspub,Dick Mack's Pub,"<p style=""white-space:pre-wrap;"" data-rte-preserve-empty=""true""><strong>Iconic Dingle Pub with a Brewhouse Twist</strong><br><br><strong>Location:</strong> Dingle, Co. Kerry<br>Famous for its dual heritage as a pub and leather shop, this venue offers a quirky and authentic Irish experience. The Brewhouse and courtyard provide a rustic, bohemian space perfect for a relaxed reception or Day Two celebration in the heart of Dingle.<br><br><strong>Logistics:</strong> Semi-private hire available (Courtyard/Brewhouse).<br><hr><strong>Enquire with Ladybird Ever After:</strong> <a href=""https://www.ladybirdeverafter.com/get-in-touch"" target=""_blank"">Get in Touch</a></p>
<div class=""custom-metadata"" data-vibe=""Authentic, Lively, Rustic, Bohemian"" data-capacity-min=""2"" data-capacity-max=""30"" data-accommodation-on-site=""False"" data-pricing-tier=""$$"" style=""display: none;""></div>",DickMacksPub,,,,,,,,,,,,,,,0.0,0.0,No,Unlimited,/bar-restaurant,South West,0.0,0.0,0.0,0.0,Yes,https://images.squarespace-cdn.com/content/v1/6629929a89c94f57955fe87e/ad97bb3a-2f8a-42a1-949d-9e61280407c6/dickmacs3.webp https://images.squarespace-cdn.com/content/v1/6629929a89c94f57955fe87e/1a872423-e0bf-44d2-aba6-059b2a156af8/dickmacs2.webp https://images.squarespace-cdn.com/content/v1/6629929a89c94f57955fe87e/72c17271-fc95-4c6e-a7fa-3a10d391c6e4/dickmacs1.webp
699a433e98405d2f3125b5de,8ada88c3-0f7c-49c6-84cb-100d254a01d7,PHYSICAL,venues,dingleskellighotel,Dingle Skellig Hotel,"<p style=""white-space:pre-wrap;"" data-rte-preserve-empty=""true""><strong>Magical Weddings by the Bay</strong><br><br><strong>Location:</strong> Dingle, Co. Kerry<br>Perched on the edge of Dingle Bay, this hotel offers panoramic views and a very experienced wedding team. It is the go-to venue for a classic Dingle wedding.<br><br><strong>Logistics:</strong> Not strictly exclusive.<br><hr><strong>Enquire with Ladybird Ever After:</strong> <a href=""https://www.ladybirdeverafter.com/get-in-touch"" target=""_blank"">Get in Touch</a></p>
<div class=""custom-metadata"" data-vibe=""Coastal, Classic, Reliable, Scenic, Family-Friendly"" data-capacity-min=""50"" data-capacity-max=""250"" data-accommodation-on-site=""True"" data-pricing-tier=""$$$"" style=""display: none;""></div>",DingleSkelligHotel,,,,,,,,,,,,,,,0.0,0.0,No,Unlimited,/hotel,South West,0.0,0.0,0.0,0.0,Yes,https://images.squarespace-cdn.com/content/v1/6629929a89c94f57955fe87e/73a82c0b-fffb-4784-b33b-d026e43bc180/skellig3.webp https://images.squarespace-cdn.com/content/v1/6629929a89c94f57955fe87e/20aec252-fd23-437b-8503-ee4a9d1162e0/skellig1.webp https://images.squarespace-cdn.com/content/v1/6629929a89c94f57955fe87e/c33d1aa9-f1a0-4b2a-946a-39a7108265ea/skellig4.webp https://images.squarespace-cdn.com/content/v1/6629929a89c94f57955fe87e/375fd2e7-1045-4dbc-a634-fef9e1401627/skellig2.webp
69a4e8d6cf9f9e7ac579e1d1,27b41f2d-a32b-40a6-8cf9-dd8c9d91946b,PHYSICAL,venues,doonagorecastle,Doonagore Castle,"<p style=""white-space:pre-wrap;"" data-rte-preserve-empty=""true""><strong>Fairytale Towerhouse Overlooking the Atlantic</strong><br><br><strong>Location:</strong> Doolin, Co. Clare<br>A privately owned 16th-century tower house that dominates the Doolin skyline. An iconic and dramatic backdrop for elopement photography with unmatched views of the Aran Islands.<br><br><strong>Best For:</strong> Photography Only (No Ceremony)<br><strong>Logistics:</strong> Photos only.<br><hr><strong>Enquire with Ladybird Ever After:</strong> <a href=""https://www.ladybirdeverafter.com/get-in-touch"" target=""_blank"">Get in Touch</a></p>
<div class=""custom-metadata"" data-vibe=""Fairytale, Exclusive, Coastal, Intimate"" data-accommodation-on-site=""False"" data-pricing-tier=""Free"" style=""display: none;""></div>",DoonagoreCastle,,,,,,,,,,,,,,,0.0,0.0,No,Unlimited,/castle,West,0.0,0.0,0.0,0.0,Yes,https://images.squarespace-cdn.com/content/v1/6629929a89c94f57955fe87e/d7dcc73c-a3b4-418e-8ed9-e75e7b82ca82/doonagore5.webp https://images.squarespace-cdn.com/content/v1/6629929a89c94f57955fe87e/6794c13c-ff93-4665-b878-ea99746935c1/doonagore1.webp https://images.squarespace-cdn.com/content/v1/6629929a89c94f57955fe87e/51a2e50b-b3c2-4631-afdb-b9272e1efadd/doonagore3.jpg https://images.squarespace-cdn.com/content/v1/6629929a89c94f57955fe87e/4306069b-4811-4dc3-9396-02c546aa08c2/doonagore4.jpg
69990194b4dd5b4056ecf7d8,2d9932c3-f642-4348-a476-ee31f31472c8,PHYSICAL,venues,dunlucecastle,Dunluce Castle,"<p style=""white-space:pre-wrap;"" data-rte-preserve-empty=""true""><strong>Dramatic Cliffside Ruins!</strong><br><br><strong>Location:</strong> Dunluce, Co. Antrim<br>Perched high on a basalt cliff overlooking the roaring North Atlantic, Dunluce Castle is one of Ireland's most dramatic and awe-inspiring ruins — an unforgettable backdrop for an intimate elopement ceremony.<br><br><strong>Logistics:</strong> Exclusive hire — dramatic ruins on a cliff edge. Back-up location available on site.<br><hr><strong>Enquire with Ladybird Ever After:</strong> <a href=""https://www.ladybirdeverafter.com/get-in-touch"" target=""_blank"">Get in Touch</a></p>
<div class=""custom-metadata"" data-vibe=""Castle, Dramatic, Historic, Coastal"" data-accommodation-on-site=""False"" data-pricing-tier=""$"" style=""display: none;""></div>",DunluceCastle,,,,,,,,,,,,,,,0.0,0.0,No,Unlimited,"/nature-scenic, /castle",Northern Ireland,0.0,0.0,0.0,0.0,Yes,https://images.squarespace-cdn.com/content/v1/6629929a89c94f57955fe87e/9d5c95cb-7aa7-4561-a666-b3be170bca1c/VW_Photography_Irish_elopement_dunluce-23.jpg https://images.squarespace-cdn.com/content/v1/6629929a89c94f57955fe87e/02e74d50-1987-492c-88fa-d76a468aa1b7/Screenshot%2B2025-12-02%2Bat%2B4.10.49%E2%80%AFPM.png https://images.squarespace-cdn.com/content/v1/6629929a89c94f57955fe87e/048967bb-f744-4cd0-8aff-4a4f869685ed/VW_Photography_Dunluce_ceremony-81+%281%29.jpg https://images.squarespace-cdn.com/content/v1/6629929a89c94f57955fe87e/224ebef5-3a7b-4a2b-8f70-e893d531878e/Brad+and+Michelle+Dunluce+Castle+263.jpg
699a42ff01be5200442012cc,20f448bd-e326-40ad-8d4d-ea114b693bea,PHYSICAL,venues,dunquinpier,Dunquin Pier,"<p style=""white-space:pre-wrap;"" data-rte-preserve-empty=""true""><strong>The Sheep Highway</strong><br><br><strong>Location:</strong> Dingle, Co. Kerry<br>A winding concrete pier famously photographed with sheep. A truly wild and iconic elopement spot on the very edge of Europe. This is a public space — weddings here are true elopement style with no chairs or setup allowed.<br><br><strong>Logistics:</strong> Non-exclusive (public). No back-up location on site.<br><hr><strong>Enquire with Ladybird Ever After:</strong> <a href=""https://www.ladybirdeverafter.com/get-in-touch"" target=""_blank"">Get in Touch</a></p>
<div class=""custom-metadata"" data-vibe=""Wild, Elopement, Remote, Ocean, Iconic"" data-capacity-min=""2"" data-capacity-max=""8"" data-accommodation-on-site=""False"" data-pricing-tier=""Free"" style=""display: none;""></div>",DunquinPier,,,,,,,,,,,,,,,0.0,0.0,No,Unlimited,/nature-scenic,South West,0.0,0.0,0.0,0.0,Yes,https://images.squarespace-cdn.com/content/v1/6629929a89c94f57955fe87e/54127abc-e2ac-4c8b-8b89-f4bffe978502/dunquin3.jpg https://images.squarespace-cdn.com/content/v1/6629929a89c94f57955fe87e/4f38f9cd-9362-4ab1-a1c0-9b9450018c93/dunquin2.jpg https://images.squarespace-cdn.com/content/v1/6629929a89c94f57955fe87e/65bc71f1-beed-4419-b0c9-6849660e917d/dunquin4.jpg https://images.squarespace-cdn.com/content/v1/6629929a89c94f57955fe87e/f4bc4992-615b-4a95-a651-14b66ddb8a48/dunquin1.jpg https://images.squarespace-cdn.com/content/v1/6629929a89c94f57955fe87e/de4e1f89-389c-421f-9d54-c581fe29079b/dunquin6.jpg https://images.squarespace-cdn.com/content/v1/6629929a89c94f57955fe87e/a40e5c6c-e584-4f27-b1c6-683ba3f07382/dunquin5.jpg
699a42f7cc34ac7def57767d,98f7c57a-20cd-48af-bc4c-9154449b9972,PHYSICAL,venues,dunseverickcastle,Dunseverick Castle,"<p style=""white-space:pre-wrap;"" data-rte-preserve-empty=""true""><strong>Wild Cliffside Ruins!</strong><br><br><strong>Location:</strong> Dunseverick, Co. Antrim<br>Perched on the edge of a rugged cliff overlooking the North Atlantic, the ancient ruins of Dunseverick Castle offer a wild, untamed backdrop steeped in history along the Causeway Coast.<br><br><strong>Logistics:</strong> Public access (National Trust). Exposed cliffside ruins, short walk from parking.<br><hr><strong>Enquire with Ladybird Ever After:</strong> <a href=""https://www.ladybirdeverafter.com/get-in-touch"" target=""_blank"">Get in Touch</a></p>
<div class=""custom-metadata"" data-vibe=""Ruins, Dramatic, Historic, Coastal, Adventurous"" data-accommodation-on-site=""False"" data-pricing-tier=""$"" style=""display: none;""></div>",DunseverickCastle,,,,,,,,,,,,,,,0.0,0.0,No,Unlimited,"/nature-scenic, /castle",Northern Ireland,0.0,0.0,0.0,0.0,Yes,https://images.squarespace-cdn.com/content/v1/6629929a89c94f57955fe87e/08db55d8-2196-41b8-8258-91251c5b5a2c/DUNSEVERICK2.webp https://images.squarespace-cdn.com/content/v1/6629929a89c94f57955fe87e/6b3f93d3-ff4b-45a8-9282-090e65717d24/DUNSEVERICK1.webp
69ace5bf96410b54f3c8a2ec,4091a5ad-805e-4d3f-9af5-b1a304950458,PHYSICAL,venues,durhamstowncastle,Durhamstown Castle,"<p style=""white-space:pre-wrap;"" data-rte-preserve-empty=""true""><strong>Durhamstown Castle</strong><br><br><strong>Location:</strong> Bohermeen, Co. Meath<br>A 750-year-old Norman castle set among rolling fields and mature trees, featuring a beautiful heart-shaped croquet lawn. Known for its eclectic mix of events, antique interiors, and exceptional in-house food - including sourdough from the on-site artisan bakery.<br><br><strong>Logistics:</strong> Exclusive Use.<br></p><p style=""white-space:pre-wrap;"" data-rte-preserve-empty=""true""><strong>Enquire with Ladybird Ever After:</strong><a target=""_blank"" href=""https://www.ladybirdeverafter.com/get-in-touch"">Get in Touch</a></p><p style=""white-space:pre-wrap;"" data-rte-preserve-empty=""true""></p>
<div class=""custom-metadata"" data-vibe=""Historic, Eclectic, Foodie, Relaxed"" data-capacity-min=""2"" data-capacity-max=""150"" data-accommodation-on-site=""True"" data-pricing-tier=""$$"" style=""display: none;""></div>",DurhamstownCastle,,,,,,,,,,,,,,,0.0,0.0,No,Unlimited,/castle,Midlands East,0.0,0.0,0.0,0.0,Yes,https://images.squarespace-cdn.com/content/v1/6629929a89c94f57955fe87e/12d77bb0-6978-4f6c-a5fa-816ed2ec9e83/Durhamstown3.webp https://images.squarespace-cdn.com/content/v1/6629929a89c94f57955fe87e/0937edf7-3a06-4597-b3e2-92f7a2a1d73f/durhamstown1.webp https://images.squarespace-cdn.com/content/v1/6629929a89c94f57955fe87e/086bb6fc-08c8-4d4e-9a1a-c8170291b641/Durhamstown2.webp
699a434a9b9e314a5d0a2919,d89349d4-4972-44aa-a193-80af7ac71473,PHYSICAL,venues,fiddleandbow,Fiddle and Bow,"<p style=""white-space:pre-wrap;"" data-rte-preserve-empty=""true""><strong>A Unique Hotel in the Heart of Doolin</strong><br><br><strong>Location:</strong> Doolin, Co. Clare<br>A stylish, modern boutique hotel focused on high-quality food and a cozy atmosphere. Perfect for smaller, more intimate weddings where design and vibe matter.<br><br><strong>Logistics:</strong> Not strictly exclusive, but full buyout allowed.<br><hr><strong>Enquire with Ladybird Ever After:</strong> <a href=""https://www.ladybirdeverafter.com/get-in-touch"" target=""_blank"">Get in Touch</a></p>
<div class=""custom-metadata"" data-vibe=""Boutique, Modern-Rustic, Intimate, Foodie, Cozy"" data-capacity-min=""20"" data-capacity-max=""80"" data-accommodation-on-site=""True"" data-pricing-tier=""$$$"" style=""display: none;""></div>",FiddleandBow,,,,,,,,,,,,,,,0.0,0.0,No,Unlimited,"/hotel, /bar-restaurant",West,0.0,0.0,0.0,0.0,Yes,https://images.squarespace-cdn.com/content/v1/6629929a89c94f57955fe87e/102321b0-43a9-43c8-bf0a-645c9e2b9fe7/fiddleandbow1.webp https://images.squarespace-cdn.com/content/v1/6629929a89c94f57955fe87e/b02dd97f-2754-430a-bb79-dd138442d70c/fiddleandbow4.webp https://images.squarespace-cdn.com/content/v1/6629929a89c94f57955fe87e/8f72c867-def8-4180-a50b-1c8f9eac5542/fiddleandbow2.webp https://images.squarespace-cdn.com/content/v1/6629929a89c94f57955fe87e/7a363df9-5e86-4484-8110-9fc7ca1752e5/fiddleandbow3.webp
69a4e8d2db7fc05e5f356e46,a128ce64-2332-4fd8-846b-6eb9c2038665,PHYSICAL,venues,giantscauseway,Giant's Causeway,"<p style=""white-space:pre-wrap;"" data-rte-preserve-empty=""true""><strong>World Heritage Hexagonal Columns</strong><br><br><strong>Location:</strong> Bushmills, Co. Antrim<br>An epic landscape of 40,000 interlocking basalt columns leading into the sea. This UNESCO World Heritage site offers a truly mythical and powerful setting for elopement photography on the wild north coast.<br><br><strong>Best For:</strong> Photography Only (No Ceremony)<br><strong>Logistics:</strong> Public Site (National Trust Permit required). Non-exclusive.<br><hr><strong>Enquire with Ladybird Ever After:</strong> <a href=""https://www.ladybirdeverafter.com/get-in-touch"" target=""_blank"">Get in Touch</a></p>
<div class=""custom-metadata"" data-vibe=""Epic, Coastal, Mythical, Windy"" data-accommodation-on-site=""False"" data-pricing-tier=""Free"" style=""display: none;""></div>",GiantsCauseway,,,,,,,,,,,,,,,0.0,0.0,No,Unlimited,/nature-scenic,Northern Ireland,0.0,0.0,0.0,0.0,Yes,https://images.squarespace-cdn.com/content/v1/6629929a89c94f57955fe87e/3896eeef-6e1c-4b63-99fa-0f68109727cb/GiansCauseway1.jpg https://images.squarespace-cdn.com/content/v1/6629929a89c94f57955fe87e/b04a2947-a9da-4351-b7d1-acadb8f5c3ea/GiantsCauseway5.webp https://images.squarespace-cdn.com/content/v1/6629929a89c94f57955fe87e/ac3fb519-1ce9-4bb1-b688-8c9c9baf45c9/GiansCauseway3.jpg https://images.squarespace-cdn.com/content/v1/6629929a89c94f57955fe87e/3bf63d7d-7408-4090-bb4c-097d13ed176b/GiansCauseway2.jpg
69ace5c1ecdee5129be3cd4d,673b0e92-44a7-4f70-b387-e06738344cf9,PHYSICAL,venues,gleniffhorshoe,Gleniff Horshoe,"<p style=""white-space:pre-wrap;"" data-rte-preserve-empty=""true""><strong>Gleniff Horseshoe</strong><br><br><strong>Location:</strong> Co. Sligo<br>A dramatic six-kilometer looped drive nestled in the Dartry Mountains. Formed by glacial activity, this natural amphitheater features towering cliffs, lush greenery, and a sense of isolation. An old famine-era building adds historical character, making it a moody and atmospheric location for photography and intimate elopements.<br><br><strong>Logistics:</strong> Public Access / Outdoor Location.<br><hr><strong>Enquire with Ladybird Ever After:</strong> <a href=""https://www.ladybirdeverafter.com/get-in-touch"" target=""_blank"">Get in Touch</a></p>
<div class=""custom-metadata"" data-vibe=""Dramatic, Moody, Nature, Isolated"" data-accommodation-on-site=""False"" data-pricing-tier=""FREE"" style=""display: none;""></div>",GleniffHorshoe,,,,,,,,,,,,,,,0.0,0.0,No,Unlimited,/nature-scenic,West,0.0,0.0,0.0,0.0,Yes,https://images.squarespace-cdn.com/content/v1/6629929a89c94f57955fe87e/985c67fd-1106-4515-a0d6-5d7a8730d3fa/2048px-Gleniff_Horseshoe_Valley.jpg https://images.squarespace-cdn.com/content/v1/6629929a89c94f57955fe87e/f615b288-e0a2-4488-9b2e-42f776acc502/2048px-Cliffs_of_Annacoona.jpg
69ace5b6c384586fa00ca611,ea97f78c-6cd6-41c5-84e6-1b7a8b2223f6,PHYSICAL,venues,glincastle,Glin Castle,"<p style=""white-space:pre-wrap;"" data-rte-preserve-empty=""true""><strong>Majestic Historic Castle on the River Shannon</strong><br><br><strong>Location:</strong> Glin, Co. Limerick<br>Home of the Knights of Glin for over 700 years, this majestic castle sits on the banks of the River Shannon surrounded by spectacular gardens. With neoclassical interiors, a flying staircase, and enchanting walled gardens, it offers a luxurious and historically rich backdrop for intimate celebrations.<br><br><strong>Logistics:</strong> Exclusive Use Castle.<br><hr><strong>Enquire with Ladybird Ever After:</strong> <a href=""https://www.ladybirdeverafter.com/get-in-touch"" target=""_blank"">Get in Touch</a></p>
<div class=""custom-metadata"" data-vibe=""Historic, Castle, Gardens, Luxurious, Irish Charm"" data-capacity-min=""2"" data-capacity-max=""56"" data-accommodation-on-site=""True"" data-pricing-tier=""$$$+"" style=""display: none;""></div>",GlinCastle,,,,,,,,,,,,,,,0.0,0.0,No,Unlimited,/castle,West,0.0,0.0,0.0,0.0,No,
69a4e8d5cf9f9e7ac579e1d0,440dfdf3-86d1-446e-a82f-9311b5d0f936,PHYSICAL,venues,gusoconnorspub,Gus O'Connor's Pub,"<p style=""white-space:pre-wrap;"" data-rte-preserve-empty=""true""><strong>The Home of Traditional Music in Doolin</strong><br><br><strong>Location:</strong> Doolin, Co. Clare<br>A legendary pub on the Wild Atlantic Way, renowned for its traditional music sessions and hearty food. While not a ceremony venue, it is the perfect spot for a lively reception dinner or a post-wedding pint after eloping at the Cliffs of Moher.<br><br><strong>Logistics:</strong> Non-exclusive (Busy pub atmosphere).<br><hr><strong>Enquire with Ladybird Ever After:</strong> <a href=""https://www.ladybirdeverafter.com/get-in-touch"" target=""_blank"">Get in Touch</a></p>
<div class=""custom-metadata"" data-vibe=""Traditional, Cozy, Musical, Bustling"" data-capacity-min=""2"" data-capacity-max=""20"" data-accommodation-on-site=""False"" data-pricing-tier=""$$"" style=""display: none;""></div>",GusOConnorsPub,,,,,,,,,,,,,,,0.0,0.0,No,Unlimited,/bar-restaurant,West,0.0,0.0,0.0,0.0,No,
69a4e8cfd9e9b9457b566bda,52547974-14eb-45bf-8d1d-39fd1ba18a82,PHYSICAL,venues,howthcastle,Howth Castle,"<p style=""white-space:pre-wrap;"" data-rte-preserve-empty=""true""><strong>Ancient Castle Overlooking Dublin Bay</strong><br><br><strong>Location:</strong> Howth, Co. Dublin<br>One of the longest continuously inhabited private homes in Europe, this castle sits within a demesne famous for its rhododendron gardens. It offers a sophisticated and historic setting for ceremonies just a short drive from Dublin City.<br><br><strong>Logistics:</strong> Private hire for Ceremony.<br><hr><strong>Enquire with Ladybird Ever After:</strong> <a href=""https://www.ladybirdeverafter.com/get-in-touch"" target=""_blank"">Get in Touch</a></p>
<div class=""custom-metadata"" data-vibe=""Coastal, Historic, Grand, Accessible"" data-capacity-min=""2"" data-capacity-max=""50"" data-accommodation-on-site=""False"" data-pricing-tier=""$$"" style=""display: none;""></div>",HowthCastle,,,,,,,,,,,,,,,0.0,0.0,No,Unlimited,"/nature-scenic, /castle",Dublin,0.0,0.0,0.0,0.0,Yes,https://images.squarespace-cdn.com/content/v1/6629929a89c94f57955fe87e/ca2dda74-a0ef-4838-8e6e-4f55bcf8de3f/Howth+Castle+-+HandE.webp https://images.squarespace-cdn.com/content/v1/6629929a89c94f57955fe87e/4a360e61-a5ee-4257-8c13-41aeb9c6f650/HowthCastle.webp
69ace5bcc384586fa00ca616,fd4c6d78-495e-4f14-b0b5-f25eef956a39,PHYSICAL,venues,howthcliffwalk,Howth Cliff Walk,"<p style=""white-space:pre-wrap;"" data-rte-preserve-empty=""true""><strong>Dramatic Cliffs of Howth</strong><br><br><strong>Location:</strong> Howth, Co. Dublin<br>A stunning location for an intimate elopement just outside Dublin. Offering wild and rugged beauty with the Baily Lighthouse as a backdrop, this spot allows couples to exchange vows surrounded by Irish greenery and dramatic coastal views.<br><br><strong>Logistics:</strong> Public Outdoor Location.<br></p><p style=""white-space:pre-wrap;"" data-rte-preserve-empty=""true""><strong>Enquire with Ladybird Ever After:</strong><a target=""_blank"" href=""https://www.ladybirdeverafter.com/get-in-touch"">Get in Touch</a></p><p style=""white-space:pre-wrap;"" data-rte-preserve-empty=""true""></p>
<div class=""custom-metadata"" data-vibe=""Romantic, Wild, Scenic, Intimate"" data-capacity-min=""2"" data-capacity-max=""8"" data-accommodation-on-site=""False"" data-pricing-tier=""Free"" style=""display: none;""></div>",HowthCliffWalk,,,,,,,,,,,,,,,0.0,0.0,No,Unlimited,/nature-scenic,Dublin,0.0,0.0,0.0,0.0,Yes,https://images.squarespace-cdn.com/content/v1/6629929a89c94f57955fe87e/14508b8b-8962-4734-b20e-5f4c1eab2a3d/2048px-A_view_of_the_Baily_Lighthouse_from_the_Howth_Cliff_Walk_01.jpg
69a4e8d7cf9f9e7ac579e1d3,17f492b0-d669-455e-9b32-18d993e96d77,PHYSICAL,venues,jmreidys,JM Reidy's,"<p style=""white-space:pre-wrap;"" data-rte-preserve-empty=""true""><strong>Famous Sweetshop Pub with Endless Nooks</strong><br><br><strong>Location:</strong> Killarney, Co. Kerry<br>A Killarney institution that starts as a vintage sweetshop and opens up into a maze of snugs, bars, and a cobbled courtyard. It is an incredibly photogenic and lively venue, ideal for a Day Two party or a casual, fun reception.<br><br><strong>Logistics:</strong> Private Courtyard or Room hire available.<br><hr><strong>Enquire with Ladybird Ever After:</strong> <a href=""https://www.ladybirdeverafter.com/get-in-touch"" target=""_blank"">Get in Touch</a></p>
<div class=""custom-metadata"" data-vibe=""Quirky, Vintage, Lively, Instagrammable"" data-capacity-min=""2"" data-capacity-max=""150"" data-accommodation-on-site=""False"" data-pricing-tier=""$"" style=""display: none;""></div>",JMReidys,,,,,,,,,,,,,,,0.0,0.0,No,Unlimited,/bar-restaurant,South West,0.0,0.0,0.0,0.0,Yes,https://images.squarespace-cdn.com/content/v1/6629929a89c94f57955fe87e/e63dee7f-66c5-4143-b5a3-e6107f8196e5/JMReidys2.webp https://images.squarespace-cdn.com/content/v1/6629929a89c94f57955fe87e/3981c206-e74b-4334-ac31-5b9fd4de4d1a/JMReidys1.webp https://images.squarespace-cdn.com/content/v1/6629929a89c94f57955fe87e/20352968-e3cd-44bc-bbe4-edec2adf9d79/JMReidys3.webp
69a4e8cbcf9f9e7ac579e1c4,9128de69-b65b-4590-b362-ff67d49eb28d,PHYSICAL,venues,jrmahons,JR Mahons,"<p style=""white-space:pre-wrap;"" data-rte-preserve-empty=""true""><strong>Charming Traditional Pub in Dublin City</strong><br><br><strong>Location:</strong> Dublin City, Co. Dublin<br>A warm and welcoming traditional pub located just off Grafton Street. Known for its craft beers and friendly atmosphere, it offers private function rooms perfect for a city wedding reception with a genuine ""local"" feel.<br><br><strong>Logistics:</strong> Private room or floor hire available.<br><hr><strong>Enquire with Ladybird Ever After:</strong> <a href=""https://www.ladybirdeverafter.com/get-in-touch"" target=""_blank"">Get in Touch</a></p>
<div class=""custom-metadata"" data-vibe=""City Chic, Traditional, Warm, Lively"" data-capacity-min=""2"" data-capacity-max=""80"" data-accommodation-on-site=""False"" data-pricing-tier=""$$"" style=""display: none;""></div>",JRMahons,,,,,,,,,,,,,,,0.0,0.0,No,Unlimited,/bar-restaurant,Dublin,0.0,0.0,0.0,0.0,Yes,https://images.squarespace-cdn.com/content/v1/6629929a89c94f57955fe87e/151467b1-718c-48f8-9245-b6b11475e90a/JRMahons2.webp https://images.squarespace-cdn.com/content/v1/6629929a89c94f57955fe87e/f813e92e-a2fa-4350-b422-4481c6bd56b6/JRMahons1.webp https://images.squarespace-cdn.com/content/v1/6629929a89c94f57955fe87e/2da04f44-4435-4c1b-a9ed-2e9887afe9fd/JRMahons3.webp
699a308f0fb65b4bfefac717,e776e4ea-cfa1-4714-b329-204cecc26092,PHYSICAL,venues,killarneynationalpark,Killarney National Park,"<p style=""white-space:pre-wrap;"" data-rte-preserve-empty=""true""><strong>Forests, Waterfalls, Lakes, and Legends!</strong><br><br><strong>Location:</strong> Killarney National Park, Co. Kerry<br>Killarney is Ireland's fairytale landscape. With ancient oak forests, serene lakes, and mossy trails, it's a dream for couples wanting a natural, romantic setting that feels full of soul and incredible versatility.<br><br><strong>Logistics:</strong> Public park (permit required). Accessible ceremony spots via paved paths and easy trails. Back-up location must be arranged in advance.<br><hr><strong>Enquire with Ladybird Ever After:</strong> <a href=""https://www.ladybirdeverafter.com/get-in-touch"" target=""_blank"">Get in Touch</a></p>
<div class=""custom-metadata"" data-vibe=""Fairytale, Forest, Lakeside, Romantic"" data-capacity-min=""2"" data-capacity-max=""4"" data-accommodation-on-site=""False"" data-pricing-tier=""Free"" style=""display: none;""></div>",KillarneyNationalPark,,,,,,,,,,,,,,,0.0,0.0,No,Unlimited,/nature-scenic,South West,0.0,0.0,0.0,0.0,Yes,https://images.squarespace-cdn.com/content/v1/6629929a89c94f57955fe87e/11525969-bdaf-4844-bfd7-4c912da94401/Screenshot+2025-06-16+at+6.26.17%E2%80%AFPM.png https://images.squarespace-cdn.com/content/v1/6629929a89c94f57955fe87e/7ed5dfb8-2edb-4851-87d1-a362d9f3aaf0/K%26E03.04.25-386.jpg https://images.squarespace-cdn.com/content/v1/6629929a89c94f57955fe87e/90b2103b-d224-4bc2-908b-89aa0b4155a8/DC2_6842.jpg https://images.squarespace-cdn.com/content/v1/6629929a89c94f57955fe87e/cc1eb539-c0b3-4588-a55a-e134de29cb2d/DC1_7862.jpg https://images.squarespace-cdn.com/content/v1/6629929a89c94f57955fe87e/1a2cb5dd-3622-4d9e-bd40-96863df00389/DC3_5971%2B%281%29.jpg
69ace5b8c384586fa00ca612,9b095f79-3ea9-4b0a-91d1-3b4e96abb8d1,PHYSICAL,venues,kilronancastle,Kilronan Castle,"<p style=""white-space:pre-wrap;"" data-rte-preserve-empty=""true""><strong>Kilronan Castle</strong><br><br><strong>Location:</strong> Ballyfarnon, Co. Roscommon<br>Located on the shores of Lough Meelagh, this refined 18th-century castle is the ancestral home of the Tenison Family. Steeped in royal heritage, the estate features impressive gardens, opulent interiors, and a luxury spa. From the candlelit wine cellar to the magnificent Grand Ballroom, it offers a fairy-tale backdrop for weddings of all sizes.<br><br><strong>Logistics:</strong> Castle Hotel & Estate<br><hr><strong>Enquire with Ladybird Ever After:</strong> <a href=""https://www.ladybirdeverafter.com/get-in-touch"" target=""_blank"">Get in Touch</a></p>
<div class=""custom-metadata"" data-vibe=""Castle, Fairy-tale, Opulent, Lakeside, Historic"" data-capacity-min=""2"" data-capacity-max=""380"" data-accommodation-on-site=""True"" data-pricing-tier=""$$$"" style=""display: none;""></div>",KilronanCastle,,,,,,,,,,,,,,,0.0,0.0,No,Unlimited,/castle,Midlands East,0.0,0.0,0.0,0.0,No,
699a3083becca8054048191c,d3e50d10-a468-4380-872c-b6bf80c42220,PHYSICAL,venues,kinnittycastle,Kinnitty Castle,"<p style=""white-space:pre-wrap;"" data-rte-preserve-empty=""true""><strong>A Fairytale Setting Hidden within the Slieve Bloom Mountains</strong><br><br><strong>Location:</strong> Kinnitty, Co. Offaly<br>Hidden within the rolling Slieve Bloom Mountains, Kinnitty Castle is a venue steeped in history and filled with warmth. First built in 1209, the estate features ancient stone walls, sweeping views, and 650 acres of parkland that create the perfect backdrop for your love story.<br><br><strong>Logistics:</strong> Full buyout available — historic castle hotel set on 650 acres. Back-up location available on site.<br><hr><strong>Enquire with Ladybird Ever After:</strong> <a href=""https://www.ladybirdeverafter.com/get-in-touch"" target=""_blank"">Get in Touch</a></p>
<div class=""custom-metadata"" data-vibe=""Historic, Romantic, Fairytale, Mountain, Gothic"" data-capacity-min=""2"" data-capacity-max=""200"" data-accommodation-on-site=""True"" data-pricing-tier=""$$"" style=""display: none;""></div>",KinnittyCastle,,,,,,,,,,,,,,,0.0,0.0,No,Unlimited,/castle,Midlands East,0.0,0.0,0.0,0.0,Yes,https://images.squarespace-cdn.com/content/v1/6629929a89c94f57955fe87e/01262369-9c68-419c-abc2-d0158a877260/kk1.webp https://images.squarespace-cdn.com/content/v1/6629929a89c94f57955fe87e/352f2194-831a-4a14-a613-81a5e46f00d0/kk3.webp https://images.squarespace-cdn.com/content/v1/6629929a89c94f57955fe87e/60863f1d-6f98-4cb7-94c6-3fa3a31e7fb0/kk2.webp
69a4e8cdcf9f9e7ac579e1c5,08f8fe1b-8357-4a0f-a79d-94dfce0fd06b,PHYSICAL,venues,loughcrewestate,Loughcrew Estate,"<p style=""white-space:pre-wrap;"" data-rte-preserve-empty=""true""><strong>Bohemian Historic Estate with Ancient Gardens</strong><br><br><strong>Location:</strong> Oldcastle, Co. Meath<br>Home to a 17th-century house and breathtaking 6-acre gardens, this estate is steeped in history and bohemian charm. It features the ruins of an older house and ancient yew walks, creating a magical and relaxed atmosphere for exclusive celebrations.<br><br><strong>Logistics:</strong> Exclusive Use Estate.<br><hr><strong>Enquire with Ladybird Ever After:</strong> <a href=""https://www.ladybirdeverafter.com/get-in-touch"" target=""_blank"">Get in Touch</a></p>
<div class=""custom-metadata"" data-vibe=""Bohemian, Historic, Gardens, Relaxed"" data-capacity-min=""2"" data-capacity-max=""140"" data-accommodation-on-site=""True"" data-pricing-tier=""$$"" style=""display: none;""></div>",LoughcrewEstate,,,,,,,,,,,,,,,0.0,0.0,No,Unlimited,/country-house,Midlands East,0.0,0.0,0.0,0.0,Yes,https://images.squarespace-cdn.com/content/v1/6629929a89c94f57955fe87e/05098fe1-2235-47ff-a07b-2e03ae63a7ff/L%26Y17.jpg https://images.squarespace-cdn.com/content/v1/6629929a89c94f57955fe87e/98cfbbcd-f568-4ad0-91d2-26afaad6517c/Loughcrew4.webp https://images.squarespace-cdn.com/content/v1/6629929a89c94f57955fe87e/9c505c89-a9df-4cd8-a64c-bd0895f7a117/Loughcrew2.webp https://images.squarespace-cdn.com/content/v1/6629929a89c94f57955fe87e/7b52ee5f-8408-491f-9c67-0c78c97553bd/Loughcrew3.webp
69ace5beecdee5129be3cd49,bfbd1771-9ea9-4df1-8d74-01a7c9f88442,PHYSICAL,venues,lougheskecastlehotel,Lough Eske Castle Hotel,"<p style=""white-space:pre-wrap;"" data-rte-preserve-empty=""true""><strong>Award-Winning 5-Star Castle Hotel</strong><br><br><strong>Location:</strong> Donegal Town, Co. Donegal<br>Located on a secluded lakeside estate, this award-winning 5-star castle blends historic grandeur with modern luxury. With a storybook turreted exterior, an expansive ballroom, and a world-class spa, it offers a fairytale setting for both intimate gatherings and lavish celebrations.<br><br><strong>Logistics:</strong> Hotel Venue (One Wedding Per Day policy).<br><hr><strong>Enquire with Ladybird Ever After:</strong> <a href=""https://www.ladybirdeverafter.com/get-in-touch"" target=""_blank"">Get in Touch</a></p>

<div class=""custom-metadata"" data-vibe=""Fairytale, Luxury, Castle, Lakeside, Elegant"" data-capacity-min=""2"" data-capacity-max=""300"" data-accommodation-on-site=""True"" data-pricing-tier=""$$$"" data-lat=""54.6880701"" data-lng=""-8.0685172"" style=""display: none;""></div>",LoughEskeCastleHotel,,,,,,,,,,,,,,,0.0,0.0,No,Unlimited,/castle,North West,0.0,0.0,0.0,0.0,Yes,https://images.squarespace-cdn.com/content/v1/6629929a89c94f57955fe87e/d3979e97-172a-48cb-82b9-03e832747307/lougheske_creativelicence1.jpg https://images.squarespace-cdn.com/content/v1/6629929a89c94f57955fe87e/10dd9484-866a-4e4b-ab9a-568440e9d089/LoughEskeCreativeLicence.jpg
69a4e8c9cf9f9e7ac579e1c1,a18fbb64-10c6-4cbb-baab-40af37f0529f,PHYSICAL,venues,markreecastle,Markree Castle,"<p style=""white-space:pre-wrap;"" data-rte-preserve-empty=""true""><strong>Gothic Masterpiece on the Wild Atlantic Way</strong><br><br><strong>Location:</strong> Collooney, Co. Sligo<br>A magnificent 17th-century castle that stands as one of the finest historic venues in the country. With its authentic Victorian gothic interiors, formal gardens, and a stunning observatory, it offers a dramatic and luxurious backdrop for a fairytale wedding.<br><br><strong>Logistics:</strong> Exclusive Use Castle.<br><hr><strong>Enquire with Ladybird Ever After:</strong> <a href=""https://www.ladybirdeverafter.com/get-in-touch"" target=""_blank"">Get in Touch</a></p>
<div class=""custom-metadata"" data-vibe=""Gothic, Historic, Luxury, Dramatic"" data-capacity-min=""80"" data-capacity-max=""200"" data-accommodation-on-site=""True"" data-pricing-tier=""$$$"" style=""display: none;""></div>",MarkreeCastle,,,,,,,,,,,,,,,0.0,0.0,No,Unlimited,/castle,North West,0.0,0.0,0.0,0.0,Yes,https://images.squarespace-cdn.com/content/v1/6629929a89c94f57955fe87e/250fb7cb-b621-42a3-9e80-67e6d5d88599/MarkreeCastle3.webp https://images.squarespace-cdn.com/content/v1/6629929a89c94f57955fe87e/fbb8f5cc-371b-4ed4-a25c-5d8f47683853/MarkreeCastle1.webp https://images.squarespace-cdn.com/content/v1/6629929a89c94f57955fe87e/fd77c9ad-ac8a-4dda-863d-5f846201f48a/MarkreeCastle2.webp https://images.squarespace-cdn.com/content/v1/6629929a89c94f57955fe87e/f91dae90-1669-4a6b-a53f-c74f17bb22b9/MarkreeCastle4.webp
69652d86904eb77fafbf8569,80e11879-031f-42d3-8adb-aae543ffb8dc,PHYSICAL,venues,mcdermottspub,McDermott's Pub,"<p style=""white-space:pre-wrap;"" data-rte-preserve-empty=""true""><strong>Traditional Irish Craic in the Heart of Doolin</strong><br><br><strong>Location:</strong> Doolin, Co. Clare<br>A legendary Doolin pub, perfect for a casual reception, Day Two party, or a relaxed meal after a cliff ceremony. Not a traditional wedding venue, but full of authentic Irish atmosphere and warmth.<br><br><strong>Logistics:</strong> Non-exclusive (Busy pub atmosphere).<br><hr><strong>Enquire with Ladybird Ever After:</strong> <a href=""https://www.ladybirdeverafter.com/get-in-touch"" target=""_blank"">Get in Touch</a></p>
<div class=""custom-metadata"" data-vibe=""Casual, Pub, Traditional, Music, Lively"" data-capacity-min=""2"" data-capacity-max=""40"" data-accommodation-on-site=""False"" data-pricing-tier=""$"" style=""display: none;""></div>",McDermottsPub,,,,,,,,,,,,,,,0.0,0.0,No,Unlimited,/bar-restaurant,West,0.0,0.0,0.0,0.0,Yes,https://images.squarespace-cdn.com/content/v1/6629929a89c94f57955fe87e/b523ba28-0a9b-476a-b720-a312defc2b94/McDermottsPub2.webp https://images.squarespace-cdn.com/content/v1/6629929a89c94f57955fe87e/9846ebd0-3b0f-45a1-8c58-f6864ccc89ae/McDermottsPub4.webp https://images.squarespace-cdn.com/content/v1/6629929a89c94f57955fe87e/8885780a-172b-41df-b941-5420e45fc426/McDermottsPub1.webp https://images.squarespace-cdn.com/content/v1/6629929a89c94f57955fe87e/d830ded1-2648-4ddf-b567-2303869edcf3/Monica%26Mike-222.webp
69a4e8d3db7fc05e5f356e48,7180370b-e2ad-407d-87af-0f358330ec24,PHYSICAL,venues,muckrossabbey,Muckross Abbey,"<p style=""white-space:pre-wrap;"" data-rte-preserve-empty=""true""><strong>Roofless Franciscan Friary with Ancient Yew</strong><br><br><strong>Location:</strong> Killarney National Park, Co. Kerry<br>A hauntingly beautiful 15th-century abbey ruin located deep within the National Park. Famous for the ancient yew tree growing in the centre of the cloisters, it is a spiritual and romantic spot for elopement photography.<br><br><strong>Best For:</strong> Photography Only (No Ceremony)<br><strong>Logistics:</strong> Public Site (Permit required). Non-exclusive.<br><hr><strong>Enquire with Ladybird Ever After:</strong> <a href=""https://www.ladybirdeverafter.com/get-in-touch"" target=""_blank"">Get in Touch</a></p>
<div class=""custom-metadata"" data-vibe=""Gothic, Ancient, Spiritual, Romantic"" data-accommodation-on-site=""False"" data-pricing-tier=""Free"" style=""display: none;""></div>",MuckrossAbbey,,,,,,,,,,,,,,,0.0,0.0,No,Unlimited,/nature-scenic,South West,0.0,0.0,0.0,0.0,Yes,https://images.squarespace-cdn.com/content/v1/6629929a89c94f57955fe87e/b92c040a-cbae-443f-9310-3512ffa2cb9f/MuckrossAbbey1.webp https://images.squarespace-cdn.com/content/v1/6629929a89c94f57955fe87e/9e6627ec-75c8-4e21-b6e5-fb8b034d4e71/MuckrossAbbey3.jpg https://images.squarespace-cdn.com/content/v1/6629929a89c94f57955fe87e/719fce7f-c9e0-43de-884e-fb941a964a01/MuckrossAbbey2.webp https://images.squarespace-cdn.com/content/v1/6629929a89c94f57955fe87e/92ab5533-b19c-4756-b464-a26d70dc865e/MuckrossAbbey4.jpg
69c43ef4f8ad870ee7abae70,b314f463-9294-4ec0-aa8e-10a5e6d46bfb,PHYSICAL,venues,mussendentemple,Mussenden Temple,"<p style=""white-space:pre-wrap;"" data-rte-preserve-empty=""true""><strong>Iconic Cliffside Historic Temple</strong><br><br><strong>Location:</strong> Castlerock<br>Perched dramatically on the edge of a 120-foot cliff overlooking the wild Atlantic Ocean, Mussenden Temple is an iconic 18th-century circular stone building. Inspired by the Temple of Vesta in Italy, this remarkable location offers breathtaking panoramic coastal views and a truly unforgettable, windswept backdrop for an intimate and deeply romantic ceremony.<br><br><strong>Logistics:</strong>  National Trust - needs to be booked. Cliffside terrain, short walk required from the entrance, spectacular photo locations (including the temple, Downhill House ruins, and nearby beach) </p><p style=""white-space:pre-wrap;"" data-rte-preserve-empty=""true""><strong>Enquire with Ladybird Ever After:</strong><a target=""_blank"" href=""https://www.ladybirdeverafter.com/get-in-touch"">Get in Touch</a></p>
<div class=""custom-metadata"" data-vibe=""Dramatic, Coastal, Historic, Intimate, Epic"" data-capacity-min=""2"" data-capacity-max=""50"" data-accommodation-on-site=""False"" data-pricing-tier=""‍  ‍$"" style=""display: none;""></div>",MussendenTemple,,,,,,,,,,,,,,,0.0,0.0,No,Unlimited,/nature-scenic,Northern Ireland,0.0,0.0,0.0,0.0,Yes,https://images.squarespace-cdn.com/content/v1/6629929a89c94f57955fe87e/df881192-989d-4b0c-8ebe-e2c223465a9d/1280px-Mussenden_Temple_overlooking_Downhill_beach._Northern_Ireland.jpg https://images.squarespace-cdn.com/content/v1/6629929a89c94f57955fe87e/26370eed-a9de-4252-92a1-2ef2cca58ed0/1280px-Mussenden_Temple_close-up_of_dome.jpg
69a4e8ced9e9b9457b566bd5,0219df57-3121-4d95-ab8a-fce82c71842e,PHYSICAL,venues,rahinnanecastle,Rahinnane Castle,"<p style=""white-space:pre-wrap;"" data-rte-preserve-empty=""true""><strong>Rugged Ruin with Sweeping Dingle Views</strong><br><br><strong>Location:</strong> Ventry, Co. Kerry<br>A hidden 15th-century castle ruin standing proudly on the Dingle Peninsula. It offers complete privacy and raw, windswept beauty for an adventurous elopement ceremony, surrounded by green fields and ocean views.<br><br><strong>Logistics:</strong> Private land access. Outdoors only.<br><hr><strong>Enquire with Ladybird Ever After:</strong> <a href=""https://www.ladybirdeverafter.com/get-in-touch"" target=""_blank"">Get in Touch</a></p>
<div class=""custom-metadata"" data-vibe=""Wild, Ruin, Atmospheric, Private"" data-capacity-min=""2"" data-capacity-max=""20"" data-accommodation-on-site=""False"" data-pricing-tier=""$"" style=""display: none;""></div>",RahinnaneCastle,,,,,,,,,,,,,,,0.0,0.0,No,Unlimited,/castle,South West,0.0,0.0,0.0,0.0,Yes,https://images.squarespace-cdn.com/content/v1/6629929a89c94f57955fe87e/1772236020481-WPAR3341BXPZB9AD98K1/MandT.webp https://images.squarespace-cdn.com/content/v1/6629929a89c94f57955fe87e/fd237e36-ae95-4b79-8d38-e764612de7ba/M%26B_365.webp https://images.squarespace-cdn.com/content/v1/6629929a89c94f57955fe87e/1771902459285-GMRMHKOK9VGV88JISVHW/T%26R_465.webp
699a430f95e65f3362a31bd1,1295c992-d3b6-48db-8081-32ad4ed6b4c5,PHYSICAL,venues,rosscastle,Ross Castle,"<p style=""white-space:pre-wrap;"" data-rte-preserve-empty=""true""><strong>Medieval Fortress on the Lakes of Killarney</strong><br><br><strong>Location:</strong> Killarney, Co. Kerry<br>A 15th-century tower house sitting on the edge of Lough Leane. While the interior is a museum, the grounds and lakeshore offer a dramatic, historic backdrop for outdoor elopement ceremonies and wedding photos.<br><br><strong>Logistics:</strong> Non-exclusive (public).<br><hr><strong>Enquire with Ladybird Ever After:</strong> <a href=""https://www.ladybirdeverafter.com/get-in-touch"" target=""_blank"">Get in Touch</a></p>
<div class=""custom-metadata"" data-vibe=""Historic, Lakeside, Medieval, Scenic, Dramatic"" data-capacity-min=""2"" data-capacity-max=""6"" data-accommodation-on-site=""False"" data-pricing-tier=""Free"" style=""display: none;""></div>",RossCastle,,,,,,,,,,,,,,,0.0,0.0,No,Unlimited,"/nature-scenic, /castle",South West,0.0,0.0,0.0,0.0,Yes,https://images.squarespace-cdn.com/content/v1/6629929a89c94f57955fe87e/1750207091194-PCTBEPZEOAJ19S6AYCYG/DC1_7617.jpg https://images.squarespace-cdn.com/content/v1/6629929a89c94f57955fe87e/d45a53b2-0bbb-4ee6-b337-1878a0714471/DC1_7641.jpg https://images.squarespace-cdn.com/content/v1/6629929a89c94f57955fe87e/35e5f01c-8b5e-4264-9305-25df63c62cb2/DC1_7475.jpg https://images.squarespace-cdn.com/content/v1/6629929a89c94f57955fe87e/1750207134873-QXRYL1EKZGNAEPZ68I1U/DC1_7736.jpg https://images.squarespace-cdn.com/content/v1/6629929a89c94f57955fe87e/1750207114605-UXIYUJQFGSVF2H0AE1RY/DC1_7361.jpg https://images.squarespace-cdn.com/content/v1/6629929a89c94f57955fe87e/cccfd0e9-8678-476e-a79b-b542a658d1f2/DC1_7326.jpg
69ace5bd96410b54f3c8a2eb,a3e7d15e-aa3f-40e6-a5af-a49bc97a414c,PHYSICAL,venues,slieveleague,Slieve League,"<p style=""white-space:pre-wrap;"" data-rte-preserve-empty=""true""><strong>Spectacular Slieve League Cliffs</strong><br><br><strong>Location:</strong> Glencolumcille, Co. Donegal<br>Home to some of Europe’s highest sea cliffs at nearly 2,000 feet, this iconic location offers magnificent, wild views of Donegal Bay and rugged mountains. With options ranging from the Bunglass viewing point to the dramatic One Man’s Pass hike, it provides an epic and adventurous backdrop for intimate elopements and engagement shoots.<br><br><strong>Logistics:</strong> Public Access (Hike Required)<br><hr><strong>Enquire with Ladybird Ever After:</strong> <a href=""https://www.ladybirdeverafter.com/get-in-touch"" target=""_blank"">Get in Touch</a></p>
<div class=""custom-metadata"" data-vibe=""Wild, Epic, Natural, Adventurous, Dramatic"" data-capacity-min=""2"" data-capacity-max=""20"" data-accommodation-on-site=""False"" data-pricing-tier=""Free"" style=""display: none;""></div>",SlieveLeague,,,,,,,,,,,,,,,0.0,0.0,No,Unlimited,/nature-scenic,North West,0.0,0.0,0.0,0.0,Yes,https://images.squarespace-cdn.com/content/v1/6629929a89c94f57955fe87e/b5d66544-157b-40c0-a180-0ea7d2d8750d/2048px-Slieve_League-02.jpg https://images.squarespace-cdn.com/content/v1/6629929a89c94f57955fe87e/21768ef3-6e2f-4b29-9417-e85f190be730/2048px-Slieve_League-01.jpg
69ace5ba0630042b7363e15b,b3ba9abd-df9a-4279-a9b8-59dbe03ed1db,PHYSICAL,venues,springfieldcastle,Springfield Castle,"<p style=""white-space:pre-wrap;"" data-rte-preserve-empty=""true""><strong>Springfield CastleLocation:</strong> Dromcollogher, Co. Limerick. An ancestral home situated on a magical 200-acre estate, featuring an ancient lime tree avenue and a working deer farm. This unique venue offers two distinct wings - the Castle and the East Tower - combining real history with the comfort of a family home for bespoke weddings and gatherings.</p><p style=""white-space:pre-wrap;"" data-rte-preserve-empty=""true""><strong>Logistics:</strong> Exclusive Use Estate.</p><p style=""white-space:pre-wrap;"" data-rte-preserve-empty=""true""><strong>Enquire with Ladybird Ever After:</strong><a target=""_blank"" href=""https://www.ladybirdeverafter.com/get-in-touch"">Get in Touch</a></p><p style=""white-space:pre-wrap;"" data-rte-preserve-empty=""true""></p>
<div class=""custom-metadata"" data-vibe=""Historic, Magical, Family-Run, Bespoke"" data-capacity-min=""2"" data-capacity-max=""70"" data-accommodation-on-site=""True"" data-pricing-tier=""$$$"" style=""display: none;""></div>",SpringfieldCastle,,,,,,,,,,,,,,,0.0,0.0,No,Unlimited,/castle,West,0.0,0.0,0.0,0.0,Yes,https://images.squarespace-cdn.com/content/v1/6629929a89c94f57955fe87e/62e40a90-d387-4cd2-9b39-88f1811be830/Springfield_Castle%2C_Broadford%2C_Co_Limerick_-_geograph-3037448.jpg
69a4e8d19df9c33ba1ec09a4,7eaf5c1e-479d-4b1b-89ad-7678d4bcf92d,PHYSICAL,venues,thedarkhedges,The Dark Hedges,"<p style=""white-space:pre-wrap;"" data-rte-preserve-empty=""true""><strong>The Iconic Kingsroad Avenue</strong><br><br><strong>Location:</strong> Ballymoney, Co. Antrim<br>A world-famous avenue of beech trees that form an atmospheric tunnel. Known globally from <em>Game of Thrones</em>, it provides a moody and fantasy-inspired backdrop for elopement photos.<br><br><strong>Best For:</strong> Photography Only (No Ceremony)<br><strong>Logistics:</strong> Public Road (Non-exclusive). Early morning or late evening essential to avoid crowds.<br><hr><strong>Enquire with Ladybird Ever After:</strong> <a href=""https://www.ladybirdeverafter.com/get-in-touch"" target=""_blank"">Get in Touch</a></p>
<div class=""custom-metadata"" data-vibe=""Fantasy, Moody, Dramatic, Public"" data-accommodation-on-site=""False"" data-pricing-tier=""Free"" style=""display: none;""></div>",TheDarkHedges,,,,,,,,,,,,,,,0.0,0.0,No,Unlimited,/nature-scenic,Northern Ireland,0.0,0.0,0.0,0.0,Yes,https://images.squarespace-cdn.com/content/v1/6629929a89c94f57955fe87e/6b7347ef-5773-40fe-988f-218e64614cc9/DarkHedges3.webp https://images.squarespace-cdn.com/content/v1/6629929a89c94f57955fe87e/4301603d-83e4-4df1-a700-64580de77ae7/DarkHedges4.webp https://images.squarespace-cdn.com/content/v1/6629929a89c94f57955fe87e/2b9e27e9-cc12-470d-8425-6e7a3235d32b/DarkHedges2.webp
69cac079b6f8f134b015e50f,dddee2c6-55cc-4e9e-a599-7b09a8bc4db4,PHYSICAL,venues,vaughans-barn,Vaughan's Barn,"<p style=""white-space:pre-wrap;"" data-rte-preserve-empty=""true""><strong>Authentic Traditional Barn</strong><br><br><strong>Location:</strong> Kilfenora, Co. Clare<br>A 17th-century barn hidden behind a pub, famous for set dancing and great food. It feels totally authentic - not manufactured rustic.<br><br><strong>Logistics:</strong> Exclusive (Barn area), Non-Exclusive (Restaurant).</p><p style=""white-space:pre-wrap;"" data-rte-preserve-empty=""true""><strong>Enquire with Ladybird Ever After: </strong><a target=""_blank"" href=""https://www.ladybirdeverafter.com/get-in-touch"">Get in Touch</a></p><p style=""white-space:pre-wrap;"" data-rte-preserve-empty=""true""></p>
<div class=""custom-metadata"" data-vibe=""Authentic, Traditional Irish, Pub-Vibe, Casual, Warm"" data-capacity-min=""2"" data-capacity-max=""120"" data-accommodation-on-site=""True"" data-pricing-tier=""$$"" style=""display: none;""></div>",VaughansBarn,,,,,,,,,,,,,,,0.0,0.0,No,Unlimited,/bar-restaurant,,0.0,0.0,0.0,0.0,Yes,https://images.squarespace-cdn.com/content/v1/6629929a89c94f57955fe87e/6d255636-adfd-414a-a47c-52ba61943124/Vaughans2.webp https://images.squarespace-cdn.com/content/v1/6629929a89c94f57955fe87e/b9340bc5-78d1-4c0b-8a81-e36c4e2385d3/Vaughans5.webp https://images.squarespace-cdn.com/content/v1/6629929a89c94f57955fe87e/f8f9496b-b0f0-4b8c-8dc5-46e9b3429967/Vaughans3.webp https://images.squarespace-cdn.com/content/v1/6629929a89c94f57955fe87e/49a93071-20ff-4b4a-aa9e-b88e7cce760d/Vaughans1.webp https://images.squarespace-cdn.com/content/v1/6629929a89c94f57955fe87e/f074a044-c93f-4e57-aed4-e15fc27cfb44/Vaughans4.webp
69ace5b496410b54f3c8a2e5,1cf31887-a26f-4221-9350-cf7a6e10ea3c,PHYSICAL,venues,wiltoncastle,Wilton Castle,"<p style=""white-space:pre-wrap;"" data-rte-preserve-empty=""true""><strong>Restored 13th-Century Castle & Romantic Ruins</strong><br><br><strong>Location:</strong> Bree, Enniscorthy, Co. Wexford<br>A place of immense history and a castle of two halves. This 13th-century estate features a unique two-toned façade: one side intricately restored interiors, the other a magnificent empty shell perfect for open-air ceremonies. Set on the banks of the Boro River with a backdrop of the Blackstairs Mountains, it offers a refined country manor feel.<br><br><strong>Logistics:</strong> Exclusive Use Castle / Marquee option.<br><hr><strong>Enquire with Ladybird Ever After:</strong> <a href=""https://www.ladybirdeverafter.com/get-in-touch"" target=""_blank"">Get in Touch</a></p>
<div class=""custom-metadata"" data-vibe=""Historic, Romantic, Castle, Ruins, Tranquil"" data-capacity-min=""2"" data-capacity-max=""2"" data-accommodation-on-site=""True"" data-pricing-tier=""$$"" style=""display: none;""></div>",WiltonCastle,,,,,,,,,,,,,,,0.0,0.0,No,Unlimited,/castle,South East,0.0,0.0,0.0,0.0,No,
